{
  "title": "Twitter Dashboard",
  "services": {
    "query": {
      "idQueue": [
        1,
        2,
        3,
        4
      ],
      "list": {
        "0": {
          "query": "*:*",
          "alias": "",
          "color": "#7EB26D",
          "id": 0,
          "pin": false,
          "type": "lucene"
        }
      },
      "ids": [
        0
      ]
    },
    "filter": {
      "idQueue": [
        1,
        2,
        3,
        4
      ],
      "list": {
        "0": {
          "from": "NOW/HOUR-1HOUR",
          "to": "NOW/HOUR%2B1HOUR",
          "field": "twitter_created_at_dt",
          "type": "time",
          "fromDateObj": "2015-06-01T20:12:37.820Z",
          "toDateObj": "2015-06-01T21:12:37.820Z",
          "mandate": "must",
          "active": true,
          "alias": "",
          "id": 0
        }
      },
      "ids": [
        0
      ]
    }
  },
  "rows": [
    {
      "title": "Query and Time Window",
      "height": "50px",
      "editable": true,
      "collapse": false,
      "collapsable": true,
      "panels": [
        {
          "error": "",
          "span": 5,
          "editable": true,
          "type": "timepicker",
          "loadingEditor": false,
          "status": "Stable",
          "mode": "relative",
          "time_options": [
            "5m",
            "15m",
            "1h",
            "6h",
            "12h",
            "24h",
            "7d",
            "30d",
            "90d",
            "1y",
            "5y"
          ],
          "timespan": "15m",
          "timefield": "twitter_created_at_dt",
          "timeformat": "",
          "refresh": {
            "enable": true,
            "interval": 3,
            "min": 1
          },
          "filter_id": 0,
          "spyable": true,
          "title": "Time Window"
        },
        {
          "error": false,
          "span": 3,
          "editable": true,
          "group": [
            "default"
          ],
          "type": "query",
          "label": "Search",
          "history": [
            "*:*"
          ],
          "remember": 10,
          "pinned": true,
          "query": "*:*",
          "title": "Search",
          "spyable": true,
          "def_type": ""
        },
        {
          "span": 4,
          "editable": true,
          "type": "hits",
          "loadingEditor": false,
          "queries": {
            "mode": "all",
            "ids": [
              0
            ],
            "query": "q=*%3A*&df=id&fq=twitter_created_at_dt:[NOW/HOUR-1HOUR%20TO%20NOW/HOUR%2B1HOUR]&wt=json&rows=0\n",
            "basic_query": "",
            "custom": ""
          },
          "style": {
            "font-size": "14pt"
          },
          "arrangement": "horizontal",
          "chart": "total",
          "counter_pos": "above",
          "donut": false,
          "tilt": false,
          "labels": true,
          "spyable": true,
          "title": "Total Hits",
          "show_queries": true
        }
      ]
    },
    {
      "title": "Filters",
      "height": "50px",
      "editable": true,
      "collapse": true,
      "collapsable": true,
      "panels": [
        {
          "error": false,
          "span": 8,
          "editable": true,
          "spyable": true,
          "group": [
            "default"
          ],
          "type": "filtering"
        }
      ]
    },
    {
      "title": "Histogram row",
      "height": "150px",
      "editable": true,
      "collapse": false,
      "collapsable": true,
      "panels": [
        {
          "span": 12,
          "editable": true,
          "type": "histogram",
          "loadingEditor": false,
          "mode": "count",
          "time_field": "twitter_created_at_dt",
          "queries": {
            "mode": "all",
            "ids": [
              0
            ],
            "query": "q=*%3A*&df=id&wt=json&rows=0&fq=twitter_created_at_dt:[NOW/HOUR-1HOUR%20TO%20NOW/HOUR%2B1HOUR]&facet=true&facet.range=twitter_created_at_dt&facet.range.start=NOW/HOUR-1HOUR&facet.range.end=NOW/HOUR%2B1HOUR&facet.range.gap=%2B30SECOND\n",
            "custom": ""
          },
          "max_rows": 100000,
          "value_field": "polarityCount_i",
          "group_field": "polarity_s",
          "auto_int": true,
          "resolution": 100,
          "interval": "30s",
          "intervals": [
            "auto",
            "1s",
            "1m",
            "5m",
            "10m",
            "30m",
            "1h",
            "3h",
            "12h",
            "1d",
            "1w",
            "1M",
            "1y"
          ],
          "fill": 0,
          "linewidth": 3,
          "timezone": "browser",
          "spyable": true,
          "zoomlinks": true,
          "bars": true,
          "stack": true,
          "points": false,
          "lines": false,
          "legend": true,
          "x-axis": true,
          "y-axis": true,
          "percentage": false,
          "interactive": true,
          "options": true,
          "tooltip": {
            "value_type": "cumulative",
            "query_as_alias": false
          },
          "title": "Tweet Histogram",
          "lines_smooth": false,
          "show_queries": true
        }
      ]
    },
    {
      "title": "Graph",
      "height": "250px",
      "editable": true,
      "collapse": false,
      "collapsable": true,
      "panels": [
        {
          "span": 2,
          "editable": true,
          "type": "terms",
          "loadingEditor": false,
          "queries": {
            "mode": "all",
            "ids": [
              0
            ],
            "query": "q=*%3A*&df=id&wt=json&rows=0&fq=twitter_created_at_dt:[NOW/HOUR-1HOUR%20TO%20NOW/HOUR%2B1HOUR]&facet=true&facet.field=language_s&facet.limit=10&facet.missing=true",
            "custom": ""
          },
          "mode": "count",
          "field": "language_s",
          "stats_field": "",
          "decimal_points": 0,
          "exclude": [],
          "missing": false,
          "other": true,
          "size": 10,
          "order": "descending",
          "style": {
            "font-size": "10pt"
          },
          "donut": true,
          "tilt": false,
          "labels": true,
          "arrangement": "horizontal",
          "chart": "pie",
          "counter_pos": "none",
          "lastColor": "rgb(110,208,224)",
          "spyable": true,
          "chartColors": [
            "#7EB26D",
            "#EAB839",
            "#6ED0E0",
            "#EF843C",
            "#E24D42",
            "#1F78C1",
            "#BA43A9",
            "#705DA0",
            "#508642",
            "#CCA300",
            "#447EBC",
            "#C15C17",
            "#890F02",
            "#0A437C",
            "#6D1F62",
            "#584477",
            "#B7DBAB",
            "#F4D598",
            "#70DBED",
            "#F9BA8F",
            "#F29191",
            "#82B5D8",
            "#E5A8E2",
            "#AEA2E0",
            "#629E51",
            "#E5AC0E",
            "#64B0C8",
            "#E0752D",
            "#BF1B00",
            "#0A50A1",
            "#962D82",
            "#614D93",
            "#9AC48A",
            "#F2C96D",
            "#65C5DB",
            "#F9934E",
            "#EA6460",
            "#5195CE",
            "#D683CE",
            "#806EB7",
            "#3F6833",
            "#967302",
            "#2F575E",
            "#99440A",
            "#58140C",
            "#052B51",
            "#511749",
            "#3F2B5B",
            "#E0F9D7",
            "#FCEACA",
            "#CFFAFF",
            "#F9E2D2",
            "#FCE2DE",
            "#BADFF4",
            "#F9D9F9",
            "#DEDAF7"
          ],
          "title": "Languages",
          "logAxis": false,
          "show_queries": true
        },
        


        {
          "span": 3,
          "editable": true,
          "type": "tagcloud",
          "loadingEditor": false,
          "queries": {
            "mode": "all",
            "ids": [
              0
            ],
            "query": "q=*%3A*&df=id&wt=json&rows=0&fq=twitter_created_at_dt:[NOW/HOUR-1HOUR%20TO%20NOW/HOUR%2B1HOUR]&facet=true&facet.field=screenName_s&facet.limit=20",
            "custom": ""
          },
          "field": "screenName_s",
          "size": 20,
          "alignment": "vertical and horizontal",
          "fontScale": 1,
          "spyable": true,
          "show_queries": true,
          "title": "Screen Names"
        },
        
        {
          "span": 2,
          "editable": true,
          "type": "terms",
          "loadingEditor": false,
          "queries": {
            "mode": "all",
            "ids": [
              0
            ],
            "query": "q=*%3A*&df=id&wt=json&rows=0&fq=twitter_created_at_dt:[NOW/HOUR-1HOUR%20TO%20NOW/HOUR%2B1HOUR]&facet=true&facet.field=screenName_s&facet.limit=10&facet.missing=true",
            "custom": ""
          },
          "mode": "count",
          "field": "screenName_s",
          "stats_field": "",
          "decimal_points": 0,
          "exclude": [],
          "missing": false,
          "other": false,
          "size": 10,
          "order": "descending",
          "style": {
            "font-size": "10pt"
          },
          "donut": false,
          "tilt": false,
          "labels": true,
          "arrangement": "horizontal",
          "chart": "bar",
          "counter_pos": "none",
          "lastColor": "rgb(80,134,66)",
          "spyable": true,
          "chartColors": [
            "#7EB26D",
            "#EAB839",
            "#6ED0E0",
            "#EF843C",
            "#E24D42",
            "#1F78C1",
            "#BA43A9",
            "#705DA0",
            "#508642",
            "#CCA300",
            "#447EBC",
            "#C15C17",
            "#890F02",
            "#0A437C",
            "#6D1F62",
            "#584477",
            "#B7DBAB",
            "#F4D598",
            "#70DBED",
            "#F9BA8F",
            "#F29191",
            "#82B5D8",
            "#E5A8E2",
            "#AEA2E0",
            "#629E51",
            "#E5AC0E",
            "#64B0C8",
            "#E0752D",
            "#BF1B00",
            "#0A50A1",
            "#962D82",
            "#614D93",
            "#9AC48A",
            "#F2C96D",
            "#65C5DB",
            "#F9934E",
            "#EA6460",
            "#5195CE",
            "#D683CE",
            "#806EB7",
            "#3F6833",
            "#967302",
            "#2F575E",
            "#99440A",
            "#58140C",
            "#052B51",
            "#511749",
            "#3F2B5B",
            "#E0F9D7",
            "#FCEACA",
            "#CFFAFF",
            "#F9E2D2",
            "#FCE2DE",
            "#BADFF4",
            "#F9D9F9",
            "#DEDAF7"
          ],
          "title": "Top Tweeters",
          "logAxis": false,
          "show_queries": true
        },

        {
          "span": 2,
          "editable": true,
          "type": "terms",
          "loadingEditor": false,
          "queries": {
            "mode": "all",
            "ids": [
              0
            ],
            "query": "q=*%3A*&df=id&wt=json&rows=0&fq=twitter_created_at_dt:[NOW/HOUR-1HOUR%20TO%20NOW/HOUR%2B1HOUR]&facet=true&facet.field=originalposter_s&facet.limit=10&facet.missing=true",
            "custom": ""
          },
          "mode": "count",
          "field": "originalposter_s",
          "stats_field": "",
          "decimal_points": 0,
          "exclude": [],
          "missing": false,
          "other": false,
          "size": 10,
          "order": "descending",
          "style": {
            "font-size": "10pt"
          },
          "donut": false,
          "tilt": false,
          "labels": true,
          "arrangement": "horizontal",
          "chart": "bar",
          "counter_pos": "none",
          "lastColor": "rgb(80,134,66)",
          "spyable": true,
          "chartColors": [
            "#7EB26D",
            "#EAB839",
            "#6ED0E0",
            "#EF843C",
            "#E24D42",
            "#1F78C1",
            "#BA43A9",
            "#705DA0",
            "#508642",
            "#CCA300",
            "#447EBC",
            "#C15C17",
            "#890F02",
            "#0A437C",
            "#6D1F62",
            "#584477",
            "#B7DBAB",
            "#F4D598",
            "#70DBED",
            "#F9BA8F",
            "#F29191",
            "#82B5D8",
            "#E5A8E2",
            "#AEA2E0",
            "#629E51",
            "#E5AC0E",
            "#64B0C8",
            "#E0752D",
            "#BF1B00",
            "#0A50A1",
            "#962D82",
            "#614D93",
            "#9AC48A",
            "#F2C96D",
            "#65C5DB",
            "#F9934E",
            "#EA6460",
            "#5195CE",
            "#D683CE",
            "#806EB7",
            "#3F6833",
            "#967302",
            "#2F575E",
            "#99440A",
            "#58140C",
            "#052B51",
            "#511749",
            "#3F2B5B",
            "#E0F9D7",
            "#FCEACA",
            "#CFFAFF",
            "#F9E2D2",
            "#FCE2DE",
            "#BADFF4",
            "#F9D9F9",
            "#DEDAF7"
          ],
          "title": "Original Tweeters",
          "logAxis": false,
          "show_queries": true
        },

        {
          "span": 2,
          "editable": true,
          "type": "terms",
          "loadingEditor": false,
          "queries": {
            "mode": "all",
            "ids": [
              0
            ],
            "query": "q=*%3A*&df=id&wt=json&rows=0&fq=twitter_created_at_dt:[NOW/HOUR-1HOUR%20TO%20NOW/HOUR%2B1HOUR]&facet=true&facet.field=language_s&facet.limit=150&facet.missing=true",
            "custom": ""
          },
          "mode": "count",
          "field": "language_s",
          "stats_field": "",
          "decimal_points": 0,
          "exclude": [],
          "missing": false,
          "other": false,
          "size": 150,
          "order": "descending",
          "style": {
            "font-size": "10pt"
          },
          "donut": false,
          "tilt": false,
          "labels": true,
          "arrangement": "horizontal",
          "chart": "table",
          "counter_pos": "none",
          "lastColor": "",
          "spyable": true,
          "chartColors": [
            "#7EB26D",
            "#EAB839",
            "#6ED0E0",
            "#EF843C",
            "#E24D42",
            "#1F78C1",
            "#BA43A9",
            "#705DA0",
            "#508642",
            "#CCA300",
            "#447EBC",
            "#C15C17",
            "#890F02",
            "#0A437C",
            "#6D1F62",
            "#584477",
            "#B7DBAB",
            "#F4D598",
            "#70DBED",
            "#F9BA8F",
            "#F29191",
            "#82B5D8",
            "#E5A8E2",
            "#AEA2E0",
            "#629E51",
            "#E5AC0E",
            "#64B0C8",
            "#E0752D",
            "#BF1B00",
            "#0A50A1",
            "#962D82",
            "#614D93",
            "#9AC48A",
            "#F2C96D",
            "#65C5DB",
            "#F9934E",
            "#EA6460",
            "#5195CE",
            "#D683CE",
            "#806EB7",
            "#3F6833",
            "#967302",
            "#2F575E",
            "#99440A",
            "#58140C",
            "#052B51",
            "#511749",
            "#3F2B5B",
            "#E0F9D7",
            "#FCEACA",
            "#CFFAFF",
            "#F9E2D2",
            "#FCE2DE",
            "#BADFF4",
            "#F9D9F9",
            "#DEDAF7"
          ],
          "title": "Languages",
          "logAxis": false,
          "show_queries": true
        }
      ]
    },
    {
      "title": "Table",
      "height": "150px",
      "editable": true,
      "collapse": false,
      "collapsable": true,
      "panels": [
        {
          "span": 12,
          "editable": true,
          "type": "table",
          "loadingEditor": false,
          "status": "Stable",
          "queries": {
            "mode": "all",
            "ids": [
              0
            ],
            "query": "q=*%3A*&df=id&fq=twitter_created_at_dt:[NOW/HOUR-1HOUR%20TO%20NOW/HOUR%2B1HOUR]&wt=json&rows=50",
            "basic_query": "q=*%3A*&df=id&fq=twitter_created_at_dt:[NOW/HOUR-1HOUR%20TO%20NOW/HOUR%2B1HOUR]",
            "custom": ""
          },
          "size": 100,
          "pages": 5,
          "offset": 0,
          "sort": [
            "twitter_created_at_dt",
            "desc"
          ],
          "group": "default",
          "style": {
            "font-size": "9pt"
          },
          "overflow": "min-height",
          "fields": [
            "twitter_created_at_dt",
            "screenName_s",
            "text_t",
            "language_s"
          ],
          "highlight": [],
          "sortable": true,
          "header": true,
          "paging": true,
          "field_list": true,
          "trimFactor": 300,
          "normTimes": true,
          "spyable": false,
          "saveOption": "json",
          "exportSize": 50,
          "exportAll": true,
          "displayLinkIcon": true,
          "imageFields": [],
          "imgFieldWidth": "auto",
          "imgFieldHeight": "85px",
          "title": "Tweets",
          "important_fields": [
            "_version_",
            "twitter_created_at_dt",
            "doctype_s",
            "id",
            "language_s",
            "screenName_s",
            "tag_s",
            "tag_ss",
            "text_t"
          ],
          "show_queries": true
        }
      ]
    }
  ],
  "editable": true,
  "index": {
    "interval": "none",
    "pattern": "[logstash-]YYYY.MM.DD",
    "default": "_all"
  },
  "style": "dark",
  "failover": false,
  "panel_hints": true,
  "loader": {
    "save_gist": false,
    "save_elasticsearch": true,
    "save_local": true,
    "save_default": true,
    "save_temp": true,
    "save_temp_ttl_enable": true,
    "save_temp_ttl": "30d",
    "load_gist": true,
    "load_elasticsearch": true,
    "load_elasticsearch_size": 20,
    "load_local": true,
    "hide": false,
    "dropdown_collections": false
  },
  "solr": {
    "server": "/solr/",
    "core_name": "tweets",
    "core_list": [
      "tweets"
    ],
    "global_params": "&df=id"
  }
}















